統計期,廠牌,數量
107年 1月,APRILIA,"1,521"
107年 2月,APRILIA,"1,534"
107年 3月,APRILIA,"1,547"
107年 4月,APRILIA,"1,555"
107年 5月,APRILIA,"1,566"
107年 6月,APRILIA,"1,569"
107年 7月,APRILIA,"1,587"
107年 8月,APRILIA,"1,594"
107年 9月,APRILIA,"1,600"
107年 10月,APRILIA,"1,613"
107年 11月,APRILIA,"1,618"
107年 12月,APRILIA,"1,619"
108年 1月,APRILIA,"1,623"
108年 2月,APRILIA,"1,623"
108年 3月,APRILIA,"1,620"
108年 4月,APRILIA,"1,627"
108年 5月,APRILIA,"1,627"
108年 6月,APRILIA,"1,626"
108年 7月,APRILIA,"1,625"
108年 8月,APRILIA,"1,622"
108年 9月,APRILIA,"1,617"
108年 10月,APRILIA,"1,621"
108年 11月,APRILIA,"1,621"
108年 12月,APRILIA,"1,625"
109年 1月,APRILIA,"1,626"
109年 2月,APRILIA,"1,633"
109年 3月,APRILIA,"1,631"
109年 4月,APRILIA,"1,630"
109年 5月,APRILIA,"1,626"
109年 6月,APRILIA,"1,623"
109年 7月,APRILIA,"1,622"
109年 8月,APRILIA,"1,628"
109年 9月,APRILIA,"1,632"
109年 10月,APRILIA,"1,633"
109年 11月,APRILIA,"1,629"
109年 12月,APRILIA,"1,623"
110年 1月,APRILIA,"1,624"
110年 2月,APRILIA,"1,622"
110年 3月,APRILIA,"1,621"
110年 4月,APRILIA,"1,623"
110年 5月,APRILIA,"1,616"
110年 6月,APRILIA,"1,619"
110年 7月,APRILIA,"1,613"
110年 8月,APRILIA,"1,613"
110年 9月,APRILIA,"1,610"
110年 10月,APRILIA,"1,620"
110年 11月,APRILIA,"1,626"
110年 12月,APRILIA,"1,643"
111年 1月,APRILIA,"1,737"
111年 2月,APRILIA,"1,753"
111年 3月,APRILIA,"1,801"
111年 4月,APRILIA,"1,863"
111年 5月,APRILIA,"1,881"
111年 6月,APRILIA,"1,946"
111年 7月,APRILIA,"1,988"
111年 8月,APRILIA,"2,012"
111年 9月,APRILIA,"2,053"
111年 10月,APRILIA,"2,094"
111年 11月,APRILIA,"2,120"
111年 12月,APRILIA,"2,131"
112年 1月,APRILIA,"2,190"
112年 2月,APRILIA,"2,226"
112年 3月,APRILIA,"2,267"
112年 4月,APRILIA,"2,294"
112年 5月,APRILIA,"2,321"
112年 6月,APRILIA,"2,343"
112年 7月,APRILIA,"2,361"
112年 8月,APRILIA,"2,388"
107年 1月,BMW,"8,748"
107年 2月,BMW,"8,777"
107年 3月,BMW,"8,816"
107年 4月,BMW,"8,902"
107年 5月,BMW,"9,080"
107年 6月,BMW,"9,196"
107年 7月,BMW,"9,258"
107年 8月,BMW,"9,356"
107年 9月,BMW,"9,423"
107年 10月,BMW,"9,491"
107年 11月,BMW,"9,562"
107年 12月,BMW,"9,654"
108年 1月,BMW,"9,738"
108年 2月,BMW,"9,766"
108年 3月,BMW,"9,822"
108年 4月,BMW,"9,867"
108年 5月,BMW,"9,917"
108年 6月,BMW,"9,965"
108年 7月,BMW,"10,013"
108年 8月,BMW,"10,039"
108年 9月,BMW,"10,097"
108年 10月,BMW,"10,168"
108年 11月,BMW,"10,279"
108年 12月,BMW,"10,342"
109年 1月,BMW,"10,381"
109年 2月,BMW,"10,443"
109年 3月,BMW,"10,513"
109年 4月,BMW,"10,585"
109年 5月,BMW,"10,651"
109年 6月,BMW,"10,710"
109年 7月,BMW,"10,770"
109年 8月,BMW,"10,800"
109年 9月,BMW,"10,905"
109年 10月,BMW,"10,965"
109年 11月,BMW,"11,071"
109年 12月,BMW,"11,181"
110年 1月,BMW,"11,210"
110年 2月,BMW,"11,258"
110年 3月,BMW,"11,276"
110年 4月,BMW,"11,290"
110年 5月,BMW,"11,311"
110年 6月,BMW,"11,349"
110年 7月,BMW,"11,381"
110年 8月,BMW,"11,425"
110年 9月,BMW,"11,539"
110年 10月,BMW,"11,648"
110年 11月,BMW,"11,790"
110年 12月,BMW,"11,838"
111年 1月,BMW,"11,881"
111年 2月,BMW,"11,895"
111年 3月,BMW,"11,916"
111年 4月,BMW,"11,925"
111年 5月,BMW,"12,009"
111年 6月,BMW,"12,123"
111年 7月,BMW,"12,178"
111年 8月,BMW,"12,242"
111年 9月,BMW,"12,355"
111年 10月,BMW,"12,407"
111年 11月,BMW,"12,501"
111年 12月,BMW,"12,555"
112年 1月,BMW,"12,555"
112年 2月,BMW,"12,586"
112年 3月,BMW,"12,647"
112年 4月,BMW,"12,689"
112年 5月,BMW,"12,748"
112年 6月,BMW,"12,827"
112年 7月,BMW,"12,920"
112年 8月,BMW,"12,973"
107年 1月,DUCATI,"3,422"
107年 2月,DUCATI,"3,435"
107年 3月,DUCATI,"3,465"
107年 4月,DUCATI,"3,493"
107年 5月,DUCATI,"3,528"
107年 6月,DUCATI,"3,541"
107年 7月,DUCATI,"3,561"
107年 8月,DUCATI,"3,571"
107年 9月,DUCATI,"3,596"
107年 10月,DUCATI,"3,625"
107年 11月,DUCATI,"3,635"
107年 12月,DUCATI,"3,649"
108年 1月,DUCATI,"3,678"
108年 2月,DUCATI,"3,684"
108年 3月,DUCATI,"3,699"
108年 4月,DUCATI,"3,726"
108年 5月,DUCATI,"3,746"
108年 6月,DUCATI,"3,762"
108年 7月,DUCATI,"3,779"
108年 8月,DUCATI,"3,793"
108年 9月,DUCATI,"3,813"
108年 10月,DUCATI,"3,832"
108年 11月,DUCATI,"3,848"
108年 12月,DUCATI,"3,867"
109年 1月,DUCATI,"3,886"
109年 2月,DUCATI,"3,910"
109年 3月,DUCATI,"3,924"
109年 4月,DUCATI,"3,944"
109年 5月,DUCATI,"3,990"
109年 6月,DUCATI,"4,008"
109年 7月,DUCATI,"4,021"
109年 8月,DUCATI,"4,030"
109年 9月,DUCATI,"4,056"
109年 10月,DUCATI,"4,068"
109年 11月,DUCATI,"4,097"
109年 12月,DUCATI,"4,128"
110年 1月,DUCATI,"4,157"
110年 2月,DUCATI,"4,172"
110年 3月,DUCATI,"4,181"
110年 4月,DUCATI,"4,224"
110年 5月,DUCATI,"4,243"
110年 6月,DUCATI,"4,265"
110年 7月,DUCATI,"4,276"
110年 8月,DUCATI,"4,291"
110年 9月,DUCATI,"4,328"
110年 10月,DUCATI,"4,352"
110年 11月,DUCATI,"4,374"
110年 12月,DUCATI,"4,405"
111年 1月,DUCATI,"4,422"
111年 2月,DUCATI,"4,423"
111年 3月,DUCATI,"4,448"
111年 4月,DUCATI,"4,445"
111年 5月,DUCATI,"4,455"
111年 6月,DUCATI,"4,467"
111年 7月,DUCATI,"4,486"
111年 8月,DUCATI,"4,540"
111年 9月,DUCATI,"4,566"
111年 10月,DUCATI,"4,585"
111年 11月,DUCATI,"4,588"
111年 12月,DUCATI,"4,600"
112年 1月,DUCATI,"4,617"
112年 2月,DUCATI,"4,623"
112年 3月,DUCATI,"4,626"
112年 4月,DUCATI,"4,657"
112年 5月,DUCATI,"4,704"
112年 6月,DUCATI,"4,723"
112年 7月,DUCATI,"4,747"
112年 8月,DUCATI,"4,753"
107年 1月,HARLEY-DAVIDSON,"6,712"
107年 2月,HARLEY-DAVIDSON,"6,738"
107年 3月,HARLEY-DAVIDSON,"6,805"
107年 4月,HARLEY-DAVIDSON,"6,829"
107年 5月,HARLEY-DAVIDSON,"6,891"
107年 6月,HARLEY-DAVIDSON,"6,937"
107年 7月,HARLEY-DAVIDSON,"6,985"
107年 8月,HARLEY-DAVIDSON,"7,045"
107年 9月,HARLEY-DAVIDSON,"7,089"
107年 10月,HARLEY-DAVIDSON,"7,129"
107年 11月,HARLEY-DAVIDSON,"7,165"
107年 12月,HARLEY-DAVIDSON,"7,178"
108年 1月,HARLEY-DAVIDSON,"7,206"
108年 2月,HARLEY-DAVIDSON,"7,226"
108年 3月,HARLEY-DAVIDSON,"7,255"
108年 4月,HARLEY-DAVIDSON,"7,289"
108年 5月,HARLEY-DAVIDSON,"7,311"
108年 6月,HARLEY-DAVIDSON,"7,320"
108年 7月,HARLEY-DAVIDSON,"7,356"
108年 8月,HARLEY-DAVIDSON,"7,390"
108年 9月,HARLEY-DAVIDSON,"7,438"
108年 10月,HARLEY-DAVIDSON,"7,501"
108年 11月,HARLEY-DAVIDSON,"7,532"
108年 12月,HARLEY-DAVIDSON,"7,542"
109年 1月,HARLEY-DAVIDSON,"7,578"
109年 2月,HARLEY-DAVIDSON,"7,626"
109年 3月,HARLEY-DAVIDSON,"7,658"
109年 4月,HARLEY-DAVIDSON,"7,716"
109年 5月,HARLEY-DAVIDSON,"7,762"
109年 6月,HARLEY-DAVIDSON,"7,797"
109年 7月,HARLEY-DAVIDSON,"7,854"
109年 8月,HARLEY-DAVIDSON,"7,877"
109年 9月,HARLEY-DAVIDSON,"7,900"
109年 10月,HARLEY-DAVIDSON,"7,919"
109年 11月,HARLEY-DAVIDSON,"7,944"
109年 12月,HARLEY-DAVIDSON,"7,972"
110年 1月,HARLEY-DAVIDSON,"7,980"
110年 2月,HARLEY-DAVIDSON,"7,987"
110年 3月,HARLEY-DAVIDSON,"8,031"
110年 4月,HARLEY-DAVIDSON,"8,051"
110年 5月,HARLEY-DAVIDSON,"8,065"
110年 6月,HARLEY-DAVIDSON,"8,074"
110年 7月,HARLEY-DAVIDSON,"8,088"
110年 8月,HARLEY-DAVIDSON,"8,094"
110年 9月,HARLEY-DAVIDSON,"8,118"
110年 10月,HARLEY-DAVIDSON,"8,149"
110年 11月,HARLEY-DAVIDSON,"8,206"
110年 12月,HARLEY-DAVIDSON,"8,235"
111年 1月,HARLEY-DAVIDSON,"8,259"
111年 2月,HARLEY-DAVIDSON,"8,274"
111年 3月,HARLEY-DAVIDSON,"8,307"
111年 4月,HARLEY-DAVIDSON,"8,348"
111年 5月,HARLEY-DAVIDSON,"8,397"
111年 6月,HARLEY-DAVIDSON,"8,418"
111年 7月,HARLEY-DAVIDSON,"8,450"
111年 8月,HARLEY-DAVIDSON,"8,478"
111年 9月,HARLEY-DAVIDSON,"8,507"
111年 10月,HARLEY-DAVIDSON,"8,528"
111年 11月,HARLEY-DAVIDSON,"8,576"
111年 12月,HARLEY-DAVIDSON,"8,598"
112年 1月,HARLEY-DAVIDSON,"8,607"
112年 2月,HARLEY-DAVIDSON,"8,617"
112年 3月,HARLEY-DAVIDSON,"8,650"
112年 4月,HARLEY-DAVIDSON,"8,693"
112年 5月,HARLEY-DAVIDSON,"8,736"
112年 6月,HARLEY-DAVIDSON,"8,773"
112年 7月,HARLEY-DAVIDSON,"8,802"
112年 8月,HARLEY-DAVIDSON,"8,830"
107年 1月,HONDA,"15,311"
107年 2月,HONDA,"15,413"
107年 3月,HONDA,"15,647"
107年 4月,HONDA,"15,782"
107年 5月,HONDA,"15,930"
107年 6月,HONDA,"16,122"
107年 7月,HONDA,"16,460"
107年 8月,HONDA,"16,772"
107年 9月,HONDA,"17,005"
107年 10月,HONDA,"17,271"
107年 11月,HONDA,"17,453"
107年 12月,HONDA,"17,648"
108年 1月,HONDA,"17,858"
108年 2月,HONDA,"18,064"
108年 3月,HONDA,"18,289"
108年 4月,HONDA,"18,844"
108年 5月,HONDA,"19,189"
108年 6月,HONDA,"19,566"
108年 7月,HONDA,"19,793"
108年 8月,HONDA,"20,094"
108年 9月,HONDA,"20,301"
108年 10月,HONDA,"20,609"
108年 11月,HONDA,"20,839"
108年 12月,HONDA,"20,987"
109年 1月,HONDA,"21,136"
109年 2月,HONDA,"21,717"
109年 3月,HONDA,"21,950"
109年 4月,HONDA,"22,407"
109年 5月,HONDA,"22,766"
109年 6月,HONDA,"23,472"
109年 7月,HONDA,"23,996"
109年 8月,HONDA,"24,316"
109年 9月,HONDA,"24,836"
109年 10月,HONDA,"25,155"
109年 11月,HONDA,"25,490"
109年 12月,HONDA,"25,726"
110年 1月,HONDA,"26,000"
110年 2月,HONDA,"26,219"
110年 3月,HONDA,"26,846"
110年 4月,HONDA,"27,524"
110年 5月,HONDA,"28,222"
110年 6月,HONDA,"29,646"
110年 7月,HONDA,"30,251"
110年 8月,HONDA,"31,175"
110年 9月,HONDA,"32,292"
110年 10月,HONDA,"33,205"
110年 11月,HONDA,"33,991"
110年 12月,HONDA,"34,559"
111年 1月,HONDA,"35,023"
111年 2月,HONDA,"35,423"
111年 3月,HONDA,"36,637"
111年 4月,HONDA,"37,552"
111年 5月,HONDA,"38,458"
111年 6月,HONDA,"39,000"
111年 7月,HONDA,"39,537"
111年 8月,HONDA,"40,231"
111年 9月,HONDA,"41,114"
111年 10月,HONDA,"42,010"
111年 11月,HONDA,"42,484"
111年 12月,HONDA,"43,260"
112年 1月,HONDA,"43,643"
112年 2月,HONDA,"44,742"
112年 3月,HONDA,"45,951"
112年 4月,HONDA,"46,610"
112年 5月,HONDA,"47,941"
112年 6月,HONDA,"48,803"
112年 7月,HONDA,"49,633"
112年 8月,HONDA,"50,502"
107年 1月,HUSQVARNA,72
107年 2月,HUSQVARNA,72
107年 3月,HUSQVARNA,72
107年 4月,HUSQVARNA,72
107年 5月,HUSQVARNA,73
107年 6月,HUSQVARNA,76
107年 7月,HUSQVARNA,77
107年 8月,HUSQVARNA,78
107年 9月,HUSQVARNA,77
107年 10月,HUSQVARNA,81
107年 11月,HUSQVARNA,82
107年 12月,HUSQVARNA,83
108年 1月,HUSQVARNA,85
108年 2月,HUSQVARNA,89
108年 3月,HUSQVARNA,93
108年 4月,HUSQVARNA,103
108年 5月,HUSQVARNA,121
108年 6月,HUSQVARNA,134
108年 7月,HUSQVARNA,151
108年 8月,HUSQVARNA,159
108年 9月,HUSQVARNA,165
108年 10月,HUSQVARNA,167
108年 11月,HUSQVARNA,174
108年 12月,HUSQVARNA,183
109年 1月,HUSQVARNA,193
109年 2月,HUSQVARNA,198
109年 3月,HUSQVARNA,205
109年 4月,HUSQVARNA,216
109年 5月,HUSQVARNA,225
109年 6月,HUSQVARNA,231
109年 7月,HUSQVARNA,237
109年 8月,HUSQVARNA,243
109年 9月,HUSQVARNA,246
109年 10月,HUSQVARNA,257
109年 11月,HUSQVARNA,266
109年 12月,HUSQVARNA,272
110年 1月,HUSQVARNA,279
110年 2月,HUSQVARNA,290
110年 3月,HUSQVARNA,326
110年 4月,HUSQVARNA,353
110年 5月,HUSQVARNA,429
110年 6月,HUSQVARNA,475
110年 7月,HUSQVARNA,492
110年 8月,HUSQVARNA,509
110年 9月,HUSQVARNA,547
110年 10月,HUSQVARNA,583
110年 11月,HUSQVARNA,632
110年 12月,HUSQVARNA,654
111年 1月,HUSQVARNA,667
111年 2月,HUSQVARNA,674
111年 3月,HUSQVARNA,688
111年 4月,HUSQVARNA,733
111年 5月,HUSQVARNA,764
111年 6月,HUSQVARNA,780
111年 7月,HUSQVARNA,834
111年 8月,HUSQVARNA,862
111年 9月,HUSQVARNA,894
111年 10月,HUSQVARNA,923
111年 11月,HUSQVARNA,949
111年 12月,HUSQVARNA,986
112年 1月,HUSQVARNA,997
112年 2月,HUSQVARNA,"1,015"
112年 3月,HUSQVARNA,"1,056"
112年 4月,HUSQVARNA,"1,089"
112年 5月,HUSQVARNA,"1,117"
112年 6月,HUSQVARNA,"1,150"
112年 7月,HUSQVARNA,"1,177"
112年 8月,HUSQVARNA,"1,198"
107年 1月,INDIAN,458
107年 2月,INDIAN,459
107年 3月,INDIAN,462
107年 4月,INDIAN,470
107年 5月,INDIAN,479
107年 6月,INDIAN,492
107年 7月,INDIAN,498
107年 8月,INDIAN,513
107年 9月,INDIAN,522
107年 10月,INDIAN,526
107年 11月,INDIAN,533
107年 12月,INDIAN,548
108年 1月,INDIAN,553
108年 2月,INDIAN,555
108年 3月,INDIAN,560
108年 4月,INDIAN,571
108年 5月,INDIAN,578
108年 6月,INDIAN,582
108年 7月,INDIAN,592
108年 8月,INDIAN,601
108年 9月,INDIAN,608
108年 10月,INDIAN,614
108年 11月,INDIAN,622
108年 12月,INDIAN,647
109年 1月,INDIAN,645
109年 2月,INDIAN,650
109年 3月,INDIAN,661
109年 4月,INDIAN,680
109年 5月,INDIAN,687
109年 6月,INDIAN,710
109年 7月,INDIAN,727
109年 8月,INDIAN,737
109年 9月,INDIAN,754
109年 10月,INDIAN,780
109年 11月,INDIAN,792
109年 12月,INDIAN,807
110年 1月,INDIAN,820
110年 2月,INDIAN,828
110年 3月,INDIAN,844
110年 4月,INDIAN,862
110年 5月,INDIAN,883
110年 6月,INDIAN,896
110年 7月,INDIAN,908
110年 8月,INDIAN,917
110年 9月,INDIAN,937
110年 10月,INDIAN,953
110年 11月,INDIAN,965
110年 12月,INDIAN,978
111年 1月,INDIAN,995
111年 2月,INDIAN,"1,003"
111年 3月,INDIAN,"1,017"
111年 4月,INDIAN,"1,022"
111年 5月,INDIAN,"1,024"
111年 6月,INDIAN,"1,043"
111年 7月,INDIAN,"1,052"
111年 8月,INDIAN,"1,058"
111年 9月,INDIAN,"1,070"
111年 10月,INDIAN,"1,084"
111年 11月,INDIAN,"1,094"
111年 12月,INDIAN,"1,104"
112年 1月,INDIAN,"1,117"
112年 2月,INDIAN,"1,126"
112年 3月,INDIAN,"1,135"
112年 4月,INDIAN,"1,155"
112年 5月,INDIAN,"1,165"
112年 6月,INDIAN,"1,182"
112年 7月,INDIAN,"1,195"
112年 8月,INDIAN,"1,200"
107年 1月,KAWASAKI,"13,502"
107年 2月,KAWASAKI,"13,617"
107年 3月,KAWASAKI,"13,805"
107年 4月,KAWASAKI,"13,929"
107年 5月,KAWASAKI,"14,029"
107年 6月,KAWASAKI,"14,301"
107年 7月,KAWASAKI,"14,388"
107年 8月,KAWASAKI,"14,691"
107年 9月,KAWASAKI,"14,836"
107年 10月,KAWASAKI,"14,925"
107年 11月,KAWASAKI,"15,026"
107年 12月,KAWASAKI,"15,269"
108年 1月,KAWASAKI,"15,283"
108年 2月,KAWASAKI,"15,394"
108年 3月,KAWASAKI,"15,591"
108年 4月,KAWASAKI,"15,724"
108年 5月,KAWASAKI,"16,138"
108年 6月,KAWASAKI,"16,331"
108年 7月,KAWASAKI,"16,615"
108年 8月,KAWASAKI,"16,756"
108年 9月,KAWASAKI,"16,930"
108年 10月,KAWASAKI,"17,095"
108年 11月,KAWASAKI,"17,267"
108年 12月,KAWASAKI,"17,454"
109年 1月,KAWASAKI,"17,519"
109年 2月,KAWASAKI,"17,695"
109年 3月,KAWASAKI,"17,889"
109年 4月,KAWASAKI,"18,037"
109年 5月,KAWASAKI,"18,288"
109年 6月,KAWASAKI,"18,599"
109年 7月,KAWASAKI,"19,044"
109年 8月,KAWASAKI,"19,358"
109年 9月,KAWASAKI,"19,622"
109年 10月,KAWASAKI,"19,763"
109年 11月,KAWASAKI,"19,820"
109年 12月,KAWASAKI,"20,206"
110年 1月,KAWASAKI,"20,259"
110年 2月,KAWASAKI,"20,286"
110年 3月,KAWASAKI,"20,407"
110年 4月,KAWASAKI,"20,893"
110年 5月,KAWASAKI,"21,230"
110年 6月,KAWASAKI,"21,402"
110年 7月,KAWASAKI,"21,654"
110年 8月,KAWASAKI,"21,819"
110年 9月,KAWASAKI,"22,137"
110年 10月,KAWASAKI,"22,362"
110年 11月,KAWASAKI,"22,592"
110年 12月,KAWASAKI,"22,864"
111年 1月,KAWASAKI,"23,046"
111年 2月,KAWASAKI,"23,157"
111年 3月,KAWASAKI,"23,318"
111年 4月,KAWASAKI,"23,437"
111年 5月,KAWASAKI,"23,504"
111年 6月,KAWASAKI,"23,568"
111年 7月,KAWASAKI,"23,761"
111年 8月,KAWASAKI,"23,994"
111年 9月,KAWASAKI,"24,196"
111年 10月,KAWASAKI,"24,281"
111年 11月,KAWASAKI,"24,553"
111年 12月,KAWASAKI,"24,829"
112年 1月,KAWASAKI,"24,888"
112年 2月,KAWASAKI,"24,961"
112年 3月,KAWASAKI,"25,070"
112年 4月,KAWASAKI,"25,364"
112年 5月,KAWASAKI,"25,729"
112年 6月,KAWASAKI,"26,023"
112年 7月,KAWASAKI,"26,186"
112年 8月,KAWASAKI,"26,311"
107年 1月,KTM,"1,135"
107年 2月,KTM,"1,165"
107年 3月,KTM,"1,189"
107年 4月,KTM,"1,209"
107年 5月,KTM,"1,236"
107年 6月,KTM,"1,295"
107年 7月,KTM,"1,324"
107年 8月,KTM,"1,351"
107年 9月,KTM,"1,387"
107年 10月,KTM,"1,422"
107年 11月,KTM,"1,447"
107年 12月,KTM,"1,487"
108年 1月,KTM,"1,521"
108年 2月,KTM,"1,538"
108年 3月,KTM,"1,570"
108年 4月,KTM,"1,592"
108年 5月,KTM,"1,605"
108年 6月,KTM,"1,635"
108年 7月,KTM,"1,654"
108年 8月,KTM,"1,668"
108年 9月,KTM,"1,690"
108年 10月,KTM,"1,726"
108年 11月,KTM,"1,754"
108年 12月,KTM,"1,793"
109年 1月,KTM,"1,818"
109年 2月,KTM,"1,851"
109年 3月,KTM,"1,890"
109年 4月,KTM,"1,924"
109年 5月,KTM,"1,988"
109年 6月,KTM,"2,035"
109年 7月,KTM,"2,080"
109年 8月,KTM,"2,102"
109年 9月,KTM,"2,189"
109年 10月,KTM,"2,263"
109年 11月,KTM,"2,312"
109年 12月,KTM,"2,367"
110年 1月,KTM,"2,400"
110年 2月,KTM,"2,421"
110年 3月,KTM,"2,456"
110年 4月,KTM,"2,514"
110年 5月,KTM,"2,575"
110年 6月,KTM,"2,618"
110年 7月,KTM,"2,658"
110年 8月,KTM,"2,702"
110年 9月,KTM,"2,732"
110年 10月,KTM,"2,767"
110年 11月,KTM,"2,819"
110年 12月,KTM,"2,845"
111年 1月,KTM,"2,867"
111年 2月,KTM,"2,872"
111年 3月,KTM,"2,894"
111年 4月,KTM,"2,900"
111年 5月,KTM,"2,930"
111年 6月,KTM,"3,008"
111年 7月,KTM,"3,036"
111年 8月,KTM,"3,108"
111年 9月,KTM,"3,137"
111年 10月,KTM,"3,163"
111年 11月,KTM,"3,188"
111年 12月,KTM,"3,219"
112年 1月,KTM,"3,239"
112年 2月,KTM,"3,260"
112年 3月,KTM,"3,338"
112年 4月,KTM,"3,373"
112年 5月,KTM,"3,401"
112年 6月,KTM,"3,432"
112年 7月,KTM,"3,457"
112年 8月,KTM,"3,529"
107年 1月,MVAGUSTA,559
107年 2月,MVAGUSTA,563
107年 3月,MVAGUSTA,568
107年 4月,MVAGUSTA,574
107年 5月,MVAGUSTA,579
107年 6月,MVAGUSTA,590
107年 7月,MVAGUSTA,594
107年 8月,MVAGUSTA,601
107年 9月,MVAGUSTA,606
107年 10月,MVAGUSTA,609
107年 11月,MVAGUSTA,608
107年 12月,MVAGUSTA,609
108年 1月,MVAGUSTA,610
108年 2月,MVAGUSTA,618
108年 3月,MVAGUSTA,622
108年 4月,MVAGUSTA,625
108年 5月,MVAGUSTA,632
108年 6月,MVAGUSTA,634
108年 7月,MVAGUSTA,641
108年 8月,MVAGUSTA,642
108年 9月,MVAGUSTA,647
108年 10月,MVAGUSTA,654
108年 11月,MVAGUSTA,656
108年 12月,MVAGUSTA,658
109年 1月,MVAGUSTA,659
109年 2月,MVAGUSTA,662
109年 3月,MVAGUSTA,663
109年 4月,MVAGUSTA,667
109年 5月,MVAGUSTA,672
109年 6月,MVAGUSTA,678
109年 7月,MVAGUSTA,684
109年 8月,MVAGUSTA,684
109年 9月,MVAGUSTA,690
109年 10月,MVAGUSTA,699
109年 11月,MVAGUSTA,717
109年 12月,MVAGUSTA,737
110年 1月,MVAGUSTA,745
110年 2月,MVAGUSTA,747
110年 3月,MVAGUSTA,753
110年 4月,MVAGUSTA,759
110年 5月,MVAGUSTA,758
110年 6月,MVAGUSTA,758
110年 7月,MVAGUSTA,760
110年 8月,MVAGUSTA,761
110年 9月,MVAGUSTA,764
110年 10月,MVAGUSTA,764
110年 11月,MVAGUSTA,765
110年 12月,MVAGUSTA,769
111年 1月,MVAGUSTA,769
111年 2月,MVAGUSTA,770
111年 3月,MVAGUSTA,770
111年 4月,MVAGUSTA,769
111年 5月,MVAGUSTA,772
111年 6月,MVAGUSTA,781
111年 7月,MVAGUSTA,785
111年 8月,MVAGUSTA,785
111年 9月,MVAGUSTA,789
111年 10月,MVAGUSTA,791
111年 11月,MVAGUSTA,793
111年 12月,MVAGUSTA,791
112年 1月,MVAGUSTA,791
112年 2月,MVAGUSTA,793
112年 3月,MVAGUSTA,802
112年 4月,MVAGUSTA,799
112年 5月,MVAGUSTA,803
112年 6月,MVAGUSTA,805
112年 7月,MVAGUSTA,806
112年 8月,MVAGUSTA,807
107年 1月,SUZUKI,"8,847"
107年 2月,SUZUKI,"8,884"
107年 3月,SUZUKI,"8,946"
107年 4月,SUZUKI,"9,053"
107年 5月,SUZUKI,"9,182"
107年 6月,SUZUKI,"9,266"
107年 7月,SUZUKI,"9,335"
107年 8月,SUZUKI,"9,422"
107年 9月,SUZUKI,"9,488"
107年 10月,SUZUKI,"9,531"
107年 11月,SUZUKI,"9,581"
107年 12月,SUZUKI,"9,651"
108年 1月,SUZUKI,"9,735"
108年 2月,SUZUKI,"9,773"
108年 3月,SUZUKI,"9,818"
108年 4月,SUZUKI,"9,863"
108年 5月,SUZUKI,"9,916"
108年 6月,SUZUKI,"9,951"
108年 7月,SUZUKI,"10,002"
108年 8月,SUZUKI,"10,032"
108年 9月,SUZUKI,"10,085"
108年 10月,SUZUKI,"10,120"
108年 11月,SUZUKI,"10,203"
108年 12月,SUZUKI,"10,263"
109年 1月,SUZUKI,"10,273"
109年 2月,SUZUKI,"10,301"
109年 3月,SUZUKI,"10,357"
109年 4月,SUZUKI,"10,403"
109年 5月,SUZUKI,"10,450"
109年 6月,SUZUKI,"10,482"
109年 7月,SUZUKI,"10,527"
109年 8月,SUZUKI,"10,570"
109年 9月,SUZUKI,"10,617"
109年 10月,SUZUKI,"10,656"
109年 11月,SUZUKI,"10,689"
109年 12月,SUZUKI,"10,705"
110年 1月,SUZUKI,"10,711"
110年 2月,SUZUKI,"10,715"
110年 3月,SUZUKI,"10,778"
110年 4月,SUZUKI,"10,833"
110年 5月,SUZUKI,"10,880"
110年 6月,SUZUKI,"10,903"
110年 7月,SUZUKI,"10,934"
110年 8月,SUZUKI,"10,961"
110年 9月,SUZUKI,"11,033"
110年 10月,SUZUKI,"11,065"
110年 11月,SUZUKI,"11,106"
110年 12月,SUZUKI,"11,147"
111年 1月,SUZUKI,"11,189"
111年 2月,SUZUKI,"11,207"
111年 3月,SUZUKI,"11,246"
111年 4月,SUZUKI,"11,260"
111年 5月,SUZUKI,"11,293"
111年 6月,SUZUKI,"11,324"
111年 7月,SUZUKI,"11,351"
111年 8月,SUZUKI,"11,348"
111年 9月,SUZUKI,"11,350"
111年 10月,SUZUKI,"11,340"
111年 11月,SUZUKI,"11,348"
111年 12月,SUZUKI,"11,356"
112年 1月,SUZUKI,"11,371"
112年 2月,SUZUKI,"11,376"
112年 3月,SUZUKI,"11,382"
112年 4月,SUZUKI,"11,384"
112年 5月,SUZUKI,"11,383"
112年 6月,SUZUKI,"11,383"
112年 7月,SUZUKI,"11,437"
112年 8月,SUZUKI,"11,480"
107年 1月,TRIUMPH,"2,629"
107年 2月,TRIUMPH,"2,643"
107年 3月,TRIUMPH,"2,674"
107年 4月,TRIUMPH,"2,691"
107年 5月,TRIUMPH,"2,705"
107年 6月,TRIUMPH,"2,723"
107年 7月,TRIUMPH,"2,748"
107年 8月,TRIUMPH,"2,770"
107年 9月,TRIUMPH,"2,803"
107年 10月,TRIUMPH,"2,832"
107年 11月,TRIUMPH,"2,870"
107年 12月,TRIUMPH,"2,913"
108年 1月,TRIUMPH,"2,952"
108年 2月,TRIUMPH,"2,971"
108年 3月,TRIUMPH,"2,998"
108年 4月,TRIUMPH,"3,039"
108年 5月,TRIUMPH,"3,065"
108年 6月,TRIUMPH,"3,084"
108年 7月,TRIUMPH,"3,120"
108年 8月,TRIUMPH,"3,155"
108年 9月,TRIUMPH,"3,199"
108年 10月,TRIUMPH,"3,231"
108年 11月,TRIUMPH,"3,258"
108年 12月,TRIUMPH,"3,281"
109年 1月,TRIUMPH,"3,296"
109年 2月,TRIUMPH,"3,323"
109年 3月,TRIUMPH,"3,378"
109年 4月,TRIUMPH,"3,436"
109年 5月,TRIUMPH,"3,479"
109年 6月,TRIUMPH,"3,512"
109年 7月,TRIUMPH,"3,531"
109年 8月,TRIUMPH,"3,567"
109年 9月,TRIUMPH,"3,611"
109年 10月,TRIUMPH,"3,649"
109年 11月,TRIUMPH,"3,701"
109年 12月,TRIUMPH,"3,728"
110年 1月,TRIUMPH,"3,751"
110年 2月,TRIUMPH,"3,774"
110年 3月,TRIUMPH,"3,799"
110年 4月,TRIUMPH,"3,825"
110年 5月,TRIUMPH,"3,835"
110年 6月,TRIUMPH,"3,885"
110年 7月,TRIUMPH,"3,958"
110年 8月,TRIUMPH,"4,072"
110年 9月,TRIUMPH,"4,147"
110年 10月,TRIUMPH,"4,320"
110年 11月,TRIUMPH,"4,495"
110年 12月,TRIUMPH,"4,623"
111年 1月,TRIUMPH,"4,698"
111年 2月,TRIUMPH,"4,722"
111年 3月,TRIUMPH,"4,766"
111年 4月,TRIUMPH,"4,791"
111年 5月,TRIUMPH,"4,816"
111年 6月,TRIUMPH,"4,869"
111年 7月,TRIUMPH,"5,002"
111年 8月,TRIUMPH,"5,094"
111年 9月,TRIUMPH,"5,201"
111年 10月,TRIUMPH,"5,359"
111年 11月,TRIUMPH,"5,470"
111年 12月,TRIUMPH,"5,570"
112年 1月,TRIUMPH,"5,628"
112年 2月,TRIUMPH,"5,668"
112年 3月,TRIUMPH,"5,758"
112年 4月,TRIUMPH,"5,827"
112年 5月,TRIUMPH,"5,880"
112年 6月,TRIUMPH,"5,953"
112年 7月,TRIUMPH,"6,013"
112年 8月,TRIUMPH,"6,083"
107年 1月,YAMAHA,"26,455"
107年 2月,YAMAHA,"26,683"
107年 3月,YAMAHA,"27,162"
107年 4月,YAMAHA,"27,546"
107年 5月,YAMAHA,"27,998"
107年 6月,YAMAHA,"28,413"
107年 7月,YAMAHA,"28,796"
107年 8月,YAMAHA,"29,122"
107年 9月,YAMAHA,"29,423"
107年 10月,YAMAHA,"29,703"
107年 11月,YAMAHA,"29,963"
107年 12月,YAMAHA,"30,290"
108年 1月,YAMAHA,"30,635"
108年 2月,YAMAHA,"30,837"
108年 3月,YAMAHA,"31,218"
108年 4月,YAMAHA,"31,534"
108年 5月,YAMAHA,"31,824"
108年 6月,YAMAHA,"32,107"
108年 7月,YAMAHA,"32,575"
108年 8月,YAMAHA,"32,860"
108年 9月,YAMAHA,"33,190"
108年 10月,YAMAHA,"33,485"
108年 11月,YAMAHA,"33,709"
108年 12月,YAMAHA,"33,963"
109年 1月,YAMAHA,"34,243"
109年 2月,YAMAHA,"34,632"
109年 3月,YAMAHA,"35,124"
109年 4月,YAMAHA,"35,554"
109年 5月,YAMAHA,"35,999"
109年 6月,YAMAHA,"36,535"
109年 7月,YAMAHA,"36,988"
109年 8月,YAMAHA,"37,346"
109年 9月,YAMAHA,"37,863"
109年 10月,YAMAHA,"38,250"
109年 11月,YAMAHA,"38,681"
109年 12月,YAMAHA,"39,228"
110年 1月,YAMAHA,"39,412"
110年 2月,YAMAHA,"39,608"
110年 3月,YAMAHA,"39,929"
110年 4月,YAMAHA,"40,342"
110年 5月,YAMAHA,"40,711"
110年 6月,YAMAHA,"40,902"
110年 7月,YAMAHA,"41,349"
110年 8月,YAMAHA,"41,649"
110年 9月,YAMAHA,"42,214"
110年 10月,YAMAHA,"42,569"
110年 11月,YAMAHA,"42,883"
110年 12月,YAMAHA,"43,177"
111年 1月,YAMAHA,"43,440"
111年 2月,YAMAHA,"43,487"
111年 3月,YAMAHA,"43,687"
111年 4月,YAMAHA,"43,813"
111年 5月,YAMAHA,"44,053"
111年 6月,YAMAHA,"44,307"
111年 7月,YAMAHA,"44,604"
111年 8月,YAMAHA,"44,915"
111年 9月,YAMAHA,"45,238"
111年 10月,YAMAHA,"45,471"
111年 11月,YAMAHA,"45,811"
111年 12月,YAMAHA,"46,140"
112年 1月,YAMAHA,"46,383"
112年 2月,YAMAHA,"46,705"
112年 3月,YAMAHA,"47,035"
112年 4月,YAMAHA,"47,283"
112年 5月,YAMAHA,"47,570"
112年 6月,YAMAHA,"47,892"
112年 7月,YAMAHA,"48,293"
112年 8月,YAMAHA,"48,580"
